{"created_at":"Fri Apr 17 02:20:50 +0000 2020","id":1250972456858329088,"id_str":"1250972456858329088","text":"RT @That_Radish_tho: Dear @YoWalleyB , we love you, we hope you are staying safe &amp; well. I'm sure u only want to send out positive notes in\u2026","source":"\u003ca href=\"http:\/\/twitter.com\/download\/android\" rel=\"nofollow\"\u003eTwitter for Android\u003c\/a\u003e","truncated":false,"in_reply_to_status_id":null,"in_reply_to_status_id_str":null,"in_reply_to_user_id":null,"in_reply_to_user_id_str":null,"in_reply_to_screen_name":null,"user":{"id":4361639481,"id_str":"4361639481","name":"Caballero Andante","screen_name":"KballeroandanT","location":null,"url":null,"description":"Llegu\u00e9 tarde a todo","translator_type":"none","protected":false,"verified":false,"followers_count":9,"friends_count":96,"listed_count":0,"favourites_count":2690,"statuses_count":1163,"created_at":"Thu Dec 03 13:31:24 +0000 2015","utc_offset":null,"time_zone":null,"geo_enabled":false,"lang":null,"contributors_enabled":false,"is_translator":false,"profile_background_color":"C0DEED","profile_background_image_url":"http:\/\/abs.twimg.com\/images\/themes\/theme1\/bg.png","profile_background_image_url_https":"https:\/\/abs.twimg.com\/images\/themes\/theme1\/bg.png","profile_background_tile":false,"profile_link_color":"1DA1F2","profile_sidebar_border_color":"C0DEED","profile_sidebar_fill_color":"DDEEF6","profile_text_color":"333333","profile_use_background_image":true,"profile_image_url":"http:\/\/pbs.twimg.com\/profile_images\/672409034507616256\/fNYolZWB_normal.jpg","profile_image_url_https":"https:\/\/pbs.twimg.com\/profile_images\/672409034507616256\/fNYolZWB_normal.jpg","default_profile":true,"default_profile_image":false,"following":null,"follow_request_sent":null,"notifications":null},"geo":null,"coordinates":null,"place":null,"contributors":null,"retweeted_status":{"created_at":"Thu Apr 16 16:14:54 +0000 2020","id":1250819971443068928,"id_str":"1250819971443068928","text":"Dear @YoWalleyB , we love you, we hope you are staying safe &amp; well. I'm sure u only want to send out positive notes\u2026 https:\/\/t.co\/A62tbVMU4O","display_text_range":[0,140],"source":"\u003ca href=\"https:\/\/mobile.twitter.com\" rel=\"nofollow\"\u003eTwitter Web App\u003c\/a\u003e","truncated":true,"in_reply_to_status_id":null,"in_reply_to_status_id_str":null,"in_reply_to_user_id":null,"in_reply_to_user_id_str":null,"in_reply_to_screen_name":null,"user":{"id":1199521571510996992,"id_str":"1199521571510996992","name":"Allison says RENEW AWAE","screen_name":"That_Radish_tho","location":null,"url":null,"description":"I have follow up questions... so... #renewannewithane","translator_type":"none","protected":false,"verified":false,"followers_count":1169,"friends_count":694,"listed_count":2,"favourites_count":31242,"statuses_count":29320,"created_at":"Wed Nov 27 02:53:31 +0000 2019","utc_offset":null,"time_zone":null,"geo_enabled":false,"lang":null,"contributors_enabled":false,"is_translator":false,"profile_background_color":"F5F8FA","profile_background_image_url":"","profile_background_image_url_https":"","profile_background_tile":false,"profile_link_color":"1DA1F2","profile_sidebar_border_color":"C0DEED","profile_sidebar_fill_color":"DDEEF6","profile_text_color":"333333","profile_use_background_image":true,"profile_image_url":"http:\/\/pbs.twimg.com\/profile_images\/1241820722231566336\/FaZRU5qD_normal.jpg","profile_image_url_https":"https:\/\/pbs.twimg.com\/profile_images\/1241820722231566336\/FaZRU5qD_normal.jpg","profile_banner_url":"https:\/\/pbs.twimg.com\/profile_banners\/1199521571510996992\/1584039957","default_profile":true,"default_profile_image":false,"following":null,"follow_request_sent":null,"notifications":null},"geo":null,"coordinates":null,"place":null,"contributors":null,"is_quote_status":false,"extended_tweet":{"full_text":"Dear @YoWalleyB , we love you, we hope you are staying safe &amp; well. I'm sure u only want to send out positive notes in these times, but we learned from our girl... the best practice is to ask... then we can have facts &amp; recover..\n\nIs there still no chance of #renewannewithane ? https:\/\/t.co\/4HXagmMLc2","display_text_range":[0,286],"entities":{"hashtags":[{"text":"renewannewithane","indices":[267,284]}],"urls":[],"user_mentions":[{"screen_name":"YoWalleyB","name":"Moira Walley-Beckett","id":1831789201,"id_str":"1831789201","indices":[5,15]}],"symbols":[],"media":[{"id":1250819419795668992,"id_str":"1250819419795668992","indices":[287,310],"media_url":"http:\/\/pbs.twimg.com\/media\/EVvNopsUwAAVAhm.jpg","media_url_https":"https:\/\/pbs.twimg.com\/media\/EVvNopsUwAAVAhm.jpg","url":"https:\/\/t.co\/4HXagmMLc2","display_url":"pic.twitter.com\/4HXagmMLc2","expanded_url":"https:\/\/twitter.com\/That_Radish_tho\/status\/1250819971443068928\/photo\/1","type":"photo","sizes":{"thumb":{"w":150,"h":150,"resize":"crop"},"large":{"w":1200,"h":957,"resize":"fit"},"medium":{"w":1200,"h":957,"resize":"fit"},"small":{"w":680,"h":542,"resize":"fit"}}}]},"extended_entities":{"media":[{"id":1250819419795668992,"id_str":"1250819419795668992","indices":[287,310],"media_url":"http:\/\/pbs.twimg.com\/media\/EVvNopsUwAAVAhm.jpg","media_url_https":"https:\/\/pbs.twimg.com\/media\/EVvNopsUwAAVAhm.jpg","url":"https:\/\/t.co\/4HXagmMLc2","display_url":"pic.twitter.com\/4HXagmMLc2","expanded_url":"https:\/\/twitter.com\/That_Radish_tho\/status\/1250819971443068928\/photo\/1","type":"photo","sizes":{"thumb":{"w":150,"h":150,"resize":"crop"},"large":{"w":1200,"h":957,"resize":"fit"},"medium":{"w":1200,"h":957,"resize":"fit"},"small":{"w":680,"h":542,"resize":"fit"}}}]}},"quote_count":6,"reply_count":2,"retweet_count":36,"favorite_count":124,"entities":{"hashtags":[],"urls":[{"url":"https:\/\/t.co\/A62tbVMU4O","expanded_url":"https:\/\/twitter.com\/i\/web\/status\/1250819971443068928","display_url":"twitter.com\/i\/web\/status\/1\u2026","indices":[121,144]}],"user_mentions":[{"screen_name":"YoWalleyB","name":"Moira Walley-Beckett","id":1831789201,"id_str":"1831789201","indices":[5,15]}],"symbols":[]},"favorited":false,"retweeted":false,"possibly_sensitive":false,"filter_level":"low","lang":"en"},"is_quote_status":false,"quote_count":0,"reply_count":0,"retweet_count":0,"favorite_count":0,"entities":{"hashtags":[],"urls":[],"user_mentions":[{"screen_name":"That_Radish_tho","name":"Allison says RENEW AWAE","id":1199521571510996992,"id_str":"1199521571510996992","indices":[3,19]},{"screen_name":"YoWalleyB","name":"Moira Walley-Beckett","id":1831789201,"id_str":"1831789201","indices":[26,36]}],"symbols":[]},"favorited":false,"retweeted":false,"filter_level":"low","lang":"en","timestamp_ms":"1587090050316"}