{"created_at":"Fri Apr 17 02:20:49 +0000 2020","id":1250972455444848641,"id_str":"1250972455444848641","text":"me: oh yeah I love playing rescue \nme when I play rescue 98% of my matches because people don't want to play it or\u2026 https:\/\/t.co\/Ykd01JMHS3","display_text_range":[0,140],"source":"\u003ca href=\"http:\/\/twitter.com\/download\/iphone\" rel=\"nofollow\"\u003eTwitter for iPhone\u003c\/a\u003e","truncated":true,"in_reply_to_status_id":null,"in_reply_to_status_id_str":null,"in_reply_to_user_id":null,"in_reply_to_user_id_str":null,"in_reply_to_screen_name":null,"user":{"id":1107852983465922560,"id_str":"1107852983465922560","name":"norty one nip","screen_name":"nyaibsubedar","location":null,"url":"https:\/\/curiouscat.me\/kusotsuno","description":"as we all know, kuso translates only to \"FUCK!!!!!\" \u2727 kuso \u2727 20 \u2727 he\/him\/they \u2727 GG|Kusotsuno on identity v","translator_type":"none","protected":false,"verified":false,"followers_count":115,"friends_count":206,"listed_count":1,"favourites_count":9746,"statuses_count":13126,"created_at":"Tue Mar 19 03:55:08 +0000 2019","utc_offset":null,"time_zone":null,"geo_enabled":false,"lang":null,"contributors_enabled":false,"is_translator":false,"profile_background_color":"F5F8FA","profile_background_image_url":"","profile_background_image_url_https":"","profile_background_tile":false,"profile_link_color":"1DA1F2","profile_sidebar_border_color":"C0DEED","profile_sidebar_fill_color":"DDEEF6","profile_text_color":"333333","profile_use_background_image":true,"profile_image_url":"http:\/\/pbs.twimg.com\/profile_images\/1248852208617218048\/5qWL_6Rf_normal.jpg","profile_image_url_https":"https:\/\/pbs.twimg.com\/profile_images\/1248852208617218048\/5qWL_6Rf_normal.jpg","profile_banner_url":"https:\/\/pbs.twimg.com\/profile_banners\/1107852983465922560\/1586585291","default_profile":true,"default_profile_image":false,"following":null,"follow_request_sent":null,"notifications":null},"geo":null,"coordinates":null,"place":null,"contributors":null,"is_quote_status":false,"extended_tweet":{"full_text":"me: oh yeah I love playing rescue \nme when I play rescue 98% of my matches because people don't want to play it or play it and farm my teammates: https:\/\/t.co\/K8kJfCGSOk","display_text_range":[0,145],"entities":{"hashtags":[],"urls":[],"user_mentions":[],"symbols":[],"media":[{"id":1250972448226512898,"id_str":"1250972448226512898","indices":[146,169],"media_url":"http:\/\/pbs.twimg.com\/tweet_video_thumb\/EVxY0FBXkAIVAU2.jpg","media_url_https":"https:\/\/pbs.twimg.com\/tweet_video_thumb\/EVxY0FBXkAIVAU2.jpg","url":"https:\/\/t.co\/K8kJfCGSOk","display_url":"pic.twitter.com\/K8kJfCGSOk","expanded_url":"https:\/\/twitter.com\/nyaibsubedar\/status\/1250972455444848641\/photo\/1","type":"animated_gif","video_info":{"aspect_ratio":[122,69],"variants":[{"bitrate":0,"content_type":"video\/mp4","url":"https:\/\/video.twimg.com\/tweet_video\/EVxY0FBXkAIVAU2.mp4"}]},"sizes":{"small":{"w":244,"h":138,"resize":"fit"},"thumb":{"w":138,"h":138,"resize":"crop"},"medium":{"w":244,"h":138,"resize":"fit"},"large":{"w":244,"h":138,"resize":"fit"}}}]},"extended_entities":{"media":[{"id":1250972448226512898,"id_str":"1250972448226512898","indices":[146,169],"media_url":"http:\/\/pbs.twimg.com\/tweet_video_thumb\/EVxY0FBXkAIVAU2.jpg","media_url_https":"https:\/\/pbs.twimg.com\/tweet_video_thumb\/EVxY0FBXkAIVAU2.jpg","url":"https:\/\/t.co\/K8kJfCGSOk","display_url":"pic.twitter.com\/K8kJfCGSOk","expanded_url":"https:\/\/twitter.com\/nyaibsubedar\/status\/1250972455444848641\/photo\/1","type":"animated_gif","video_info":{"aspect_ratio":[122,69],"variants":[{"bitrate":0,"content_type":"video\/mp4","url":"https:\/\/video.twimg.com\/tweet_video\/EVxY0FBXkAIVAU2.mp4"}]},"sizes":{"small":{"w":244,"h":138,"resize":"fit"},"thumb":{"w":138,"h":138,"resize":"crop"},"medium":{"w":244,"h":138,"resize":"fit"},"large":{"w":244,"h":138,"resize":"fit"}}}]}},"quote_count":0,"reply_count":0,"retweet_count":0,"favorite_count":0,"entities":{"hashtags":[],"urls":[{"url":"https:\/\/t.co\/Ykd01JMHS3","expanded_url":"https:\/\/twitter.com\/i\/web\/status\/1250972455444848641","display_url":"twitter.com\/i\/web\/status\/1\u2026","indices":[116,139]}],"user_mentions":[],"symbols":[]},"favorited":false,"retweeted":false,"possibly_sensitive":false,"filter_level":"low","lang":"en","timestamp_ms":"1587090049979"}