{"created_at":"Fri Apr 17 02:20:50 +0000 2020","id":1250972456292155392,"id_str":"1250972456292155392","text":"RT @RandomPocket12: Imma go take a break from twitter for a bit. And by that i mean I'm gonna fall asleep and come back after while. But be\u2026","source":"\u003ca href=\"http:\/\/twitter.com\/download\/iphone\" rel=\"nofollow\"\u003eTwitter for iPhone\u003c\/a\u003e","truncated":false,"in_reply_to_status_id":null,"in_reply_to_status_id_str":null,"in_reply_to_user_id":null,"in_reply_to_user_id_str":null,"in_reply_to_screen_name":null,"user":{"id":1148479308060606464,"id_str":"1148479308060606464","name":"Quaran-teen","screen_name":"cloutchaserprt","location":null,"url":null,"description":"gaga is actually my mother\/\/ig i love sonic\/\/some type of crazyidk","translator_type":"none","protected":false,"verified":false,"followers_count":47,"friends_count":428,"listed_count":0,"favourites_count":20155,"statuses_count":7619,"created_at":"Tue Jul 09 06:29:39 +0000 2019","utc_offset":null,"time_zone":null,"geo_enabled":false,"lang":null,"contributors_enabled":false,"is_translator":false,"profile_background_color":"F5F8FA","profile_background_image_url":"","profile_background_image_url_https":"","profile_background_tile":false,"profile_link_color":"1DA1F2","profile_sidebar_border_color":"C0DEED","profile_sidebar_fill_color":"DDEEF6","profile_text_color":"333333","profile_use_background_image":true,"profile_image_url":"http:\/\/pbs.twimg.com\/profile_images\/1243664193770979328\/GPOeoeZU_normal.jpg","profile_image_url_https":"https:\/\/pbs.twimg.com\/profile_images\/1243664193770979328\/GPOeoeZU_normal.jpg","default_profile":true,"default_profile_image":false,"following":null,"follow_request_sent":null,"notifications":null},"geo":null,"coordinates":null,"place":null,"contributors":null,"retweeted_status":{"created_at":"Thu Apr 16 22:48:40 +0000 2020","id":1250919064010215425,"id_str":"1250919064010215425","text":"Imma go take a break from twitter for a bit. And by that i mean I'm gonna fall asleep and come back after while. Bu\u2026 https:\/\/t.co\/iuhVqKtSPw","display_text_range":[0,140],"source":"\u003ca href=\"http:\/\/twitter.com\/download\/android\" rel=\"nofollow\"\u003eTwitter for Android\u003c\/a\u003e","truncated":true,"in_reply_to_status_id":null,"in_reply_to_status_id_str":null,"in_reply_to_user_id":null,"in_reply_to_user_id_str":null,"in_reply_to_screen_name":null,"user":{"id":4874194589,"id_str":"4874194589","name":"Ed (Logical)","screen_name":"RandomPocket12","location":"New Jersey, USA","url":null,"description":"A 17 Year Old with hobbies of Reading, Writing, and Playing Video Games. Plush Lover by day, Weeb at Night. Mario, Sonic, Kirby, Puyo Puyo, Pokemon are great!","translator_type":"none","protected":false,"verified":false,"followers_count":658,"friends_count":165,"listed_count":9,"favourites_count":12934,"statuses_count":13434,"created_at":"Wed Feb 03 15:42:22 +0000 2016","utc_offset":null,"time_zone":null,"geo_enabled":false,"lang":null,"contributors_enabled":false,"is_translator":false,"profile_background_color":"000000","profile_background_image_url":"http:\/\/abs.twimg.com\/images\/themes\/theme1\/bg.png","profile_background_image_url_https":"https:\/\/abs.twimg.com\/images\/themes\/theme1\/bg.png","profile_background_tile":false,"profile_link_color":"1B95E0","profile_sidebar_border_color":"000000","profile_sidebar_fill_color":"000000","profile_text_color":"000000","profile_use_background_image":false,"profile_image_url":"http:\/\/pbs.twimg.com\/profile_images\/1247681697270857729\/rY2ckCLf_normal.jpg","profile_image_url_https":"https:\/\/pbs.twimg.com\/profile_images\/1247681697270857729\/rY2ckCLf_normal.jpg","profile_banner_url":"https:\/\/pbs.twimg.com\/profile_banners\/4874194589\/1586308893","default_profile":false,"default_profile_image":false,"following":null,"follow_request_sent":null,"notifications":null},"geo":null,"coordinates":null,"place":null,"contributors":null,"is_quote_status":false,"extended_tweet":{"full_text":"Imma go take a break from twitter for a bit. And by that i mean I'm gonna fall asleep and come back after while. But before i go, here's the reason why i love the boost formula. https:\/\/t.co\/9HvZf3Iuos","display_text_range":[0,177],"entities":{"hashtags":[],"urls":[],"user_mentions":[],"symbols":[],"media":[{"id":1250919022612398081,"id_str":"1250919022612398081","indices":[178,201],"additional_media_info":{"monetizable":false},"media_url":"http:\/\/pbs.twimg.com\/ext_tw_video_thumb\/1250919022612398081\/pu\/img\/bPNNOW34TZk1V9mp.jpg","media_url_https":"https:\/\/pbs.twimg.com\/ext_tw_video_thumb\/1250919022612398081\/pu\/img\/bPNNOW34TZk1V9mp.jpg","url":"https:\/\/t.co\/9HvZf3Iuos","display_url":"pic.twitter.com\/9HvZf3Iuos","expanded_url":"https:\/\/twitter.com\/RandomPocket12\/status\/1250919064010215425\/video\/1","type":"video","video_info":{"aspect_ratio":[16,9],"duration_millis":8034,"variants":[{"bitrate":256000,"content_type":"video\/mp4","url":"https:\/\/video.twimg.com\/ext_tw_video\/1250919022612398081\/pu\/vid\/480x270\/wd9wULtIJjaUNiwv.mp4?tag=10"},{"content_type":"application\/x-mpegURL","url":"https:\/\/video.twimg.com\/ext_tw_video\/1250919022612398081\/pu\/pl\/J3cr5HZ2_wGz7wPN.m3u8?tag=10"},{"bitrate":2176000,"content_type":"video\/mp4","url":"https:\/\/video.twimg.com\/ext_tw_video\/1250919022612398081\/pu\/vid\/1280x720\/OEhJySyKD23FjK9w.mp4?tag=10"},{"bitrate":832000,"content_type":"video\/mp4","url":"https:\/\/video.twimg.com\/ext_tw_video\/1250919022612398081\/pu\/vid\/640x360\/5H7hbFMzDZ896EFX.mp4?tag=10"}]},"sizes":{"thumb":{"w":150,"h":150,"resize":"crop"},"medium":{"w":1200,"h":675,"resize":"fit"},"small":{"w":680,"h":383,"resize":"fit"},"large":{"w":1280,"h":720,"resize":"fit"}}}]},"extended_entities":{"media":[{"id":1250919022612398081,"id_str":"1250919022612398081","indices":[178,201],"additional_media_info":{"monetizable":false},"media_url":"http:\/\/pbs.twimg.com\/ext_tw_video_thumb\/1250919022612398081\/pu\/img\/bPNNOW34TZk1V9mp.jpg","media_url_https":"https:\/\/pbs.twimg.com\/ext_tw_video_thumb\/1250919022612398081\/pu\/img\/bPNNOW34TZk1V9mp.jpg","url":"https:\/\/t.co\/9HvZf3Iuos","display_url":"pic.twitter.com\/9HvZf3Iuos","expanded_url":"https:\/\/twitter.com\/RandomPocket12\/status\/1250919064010215425\/video\/1","type":"video","video_info":{"aspect_ratio":[16,9],"duration_millis":8034,"variants":[{"bitrate":256000,"content_type":"video\/mp4","url":"https:\/\/video.twimg.com\/ext_tw_video\/1250919022612398081\/pu\/vid\/480x270\/wd9wULtIJjaUNiwv.mp4?tag=10"},{"content_type":"application\/x-mpegURL","url":"https:\/\/video.twimg.com\/ext_tw_video\/1250919022612398081\/pu\/pl\/J3cr5HZ2_wGz7wPN.m3u8?tag=10"},{"bitrate":2176000,"content_type":"video\/mp4","url":"https:\/\/video.twimg.com\/ext_tw_video\/1250919022612398081\/pu\/vid\/1280x720\/OEhJySyKD23FjK9w.mp4?tag=10"},{"bitrate":832000,"content_type":"video\/mp4","url":"https:\/\/video.twimg.com\/ext_tw_video\/1250919022612398081\/pu\/vid\/640x360\/5H7hbFMzDZ896EFX.mp4?tag=10"}]},"sizes":{"thumb":{"w":150,"h":150,"resize":"crop"},"medium":{"w":1200,"h":675,"resize":"fit"},"small":{"w":680,"h":383,"resize":"fit"},"large":{"w":1280,"h":720,"resize":"fit"}}}]}},"quote_count":1,"reply_count":6,"retweet_count":17,"favorite_count":68,"entities":{"hashtags":[],"urls":[{"url":"https:\/\/t.co\/iuhVqKtSPw","expanded_url":"https:\/\/twitter.com\/i\/web\/status\/1250919064010215425","display_url":"twitter.com\/i\/web\/status\/1\u2026","indices":[117,140]}],"user_mentions":[],"symbols":[]},"favorited":false,"retweeted":false,"possibly_sensitive":false,"filter_level":"low","lang":"en"},"is_quote_status":false,"quote_count":0,"reply_count":0,"retweet_count":0,"favorite_count":0,"entities":{"hashtags":[],"urls":[],"user_mentions":[{"screen_name":"RandomPocket12","name":"Ed (Logical)","id":4874194589,"id_str":"4874194589","indices":[3,18]}],"symbols":[]},"favorited":false,"retweeted":false,"filter_level":"low","lang":"en","timestamp_ms":"1587090050181"}