{"created_at":"Fri Apr 17 02:20:50 +0000 2020","id":1250972456233381888,"id_str":"1250972456233381888","text":"RT @MACSwan238: @TeamTrump It\u2019s fantastic! We all feel the same way...we love &amp; respect @realDonaldTrump so much! We have been given a gift\u2026","source":"\u003ca href=\"http:\/\/twitter.com\/download\/iphone\" rel=\"nofollow\"\u003eTwitter for iPhone\u003c\/a\u003e","truncated":false,"in_reply_to_status_id":null,"in_reply_to_status_id_str":null,"in_reply_to_user_id":null,"in_reply_to_user_id_str":null,"in_reply_to_screen_name":null,"user":{"id":1234792781454901249,"id_str":"1234792781454901249","name":"Donna Castel","screen_name":"DonnaCastel1","location":null,"url":null,"description":"WOKE UP ONE DAY & my account was gone . NOT SURPRISED! THE IMPORTANT THING 4 ME IS TO SUPPORT MY PRESIDENT TRUMP! OUR COUNTRY IS AT RISK!","translator_type":"none","protected":false,"verified":false,"followers_count":671,"friends_count":655,"listed_count":0,"favourites_count":5035,"statuses_count":5550,"created_at":"Tue Mar 03 10:49:46 +0000 2020","utc_offset":null,"time_zone":null,"geo_enabled":true,"lang":null,"contributors_enabled":false,"is_translator":false,"profile_background_color":"F5F8FA","profile_background_image_url":"","profile_background_image_url_https":"","profile_background_tile":false,"profile_link_color":"1DA1F2","profile_sidebar_border_color":"C0DEED","profile_sidebar_fill_color":"DDEEF6","profile_text_color":"333333","profile_use_background_image":true,"profile_image_url":"http:\/\/pbs.twimg.com\/profile_images\/1234793487352115201\/Q-8kAnSe_normal.jpg","profile_image_url_https":"https:\/\/pbs.twimg.com\/profile_images\/1234793487352115201\/Q-8kAnSe_normal.jpg","default_profile":true,"default_profile_image":false,"following":null,"follow_request_sent":null,"notifications":null},"geo":null,"coordinates":null,"place":null,"contributors":null,"retweeted_status":{"created_at":"Wed Mar 04 23:51:49 +0000 2020","id":1235352279017877508,"id_str":"1235352279017877508","text":"@TeamTrump It\u2019s fantastic! We all feel the same way...we love &amp; respect @realDonaldTrump so much! We have been give\u2026 https:\/\/t.co\/U2jaaN0Wxw","display_text_range":[11,140],"source":"\u003ca href=\"http:\/\/twitter.com\/download\/iphone\" rel=\"nofollow\"\u003eTwitter for iPhone\u003c\/a\u003e","truncated":true,"in_reply_to_status_id":1235347899686563840,"in_reply_to_status_id_str":"1235347899686563840","in_reply_to_user_id":729676086632656900,"in_reply_to_user_id_str":"729676086632656900","in_reply_to_screen_name":"TeamTrump","user":{"id":2424158508,"id_str":"2424158508","name":"ForGodAndQountry45 \u2b50\ufe0f\u2b50\ufe0f\u2b50\ufe0f","screen_name":"MACSwan238","location":"Wisconsin, USA","url":null,"description":"Here to support #POTUS45 & #QAnon! #IStand4TheFlag #IKneel4TheCross #LockHerUp, #WWG1WGA #TrustThePlan #KAG #MAGA #WorldWidePeace #WeAreAllGodsChildren #Unity","translator_type":"none","protected":false,"verified":false,"followers_count":2791,"friends_count":3622,"listed_count":1,"favourites_count":101346,"statuses_count":92811,"created_at":"Wed Apr 02 18:04:04 +0000 2014","utc_offset":null,"time_zone":null,"geo_enabled":false,"lang":null,"contributors_enabled":false,"is_translator":false,"profile_background_color":"C0DEED","profile_background_image_url":"http:\/\/abs.twimg.com\/images\/themes\/theme1\/bg.png","profile_background_image_url_https":"https:\/\/abs.twimg.com\/images\/themes\/theme1\/bg.png","profile_background_tile":false,"profile_link_color":"1DA1F2","profile_sidebar_border_color":"C0DEED","profile_sidebar_fill_color":"DDEEF6","profile_text_color":"333333","profile_use_background_image":true,"profile_image_url":"http:\/\/pbs.twimg.com\/profile_images\/1199104051708776448\/jAd5RY4e_normal.jpg","profile_image_url_https":"https:\/\/pbs.twimg.com\/profile_images\/1199104051708776448\/jAd5RY4e_normal.jpg","profile_banner_url":"https:\/\/pbs.twimg.com\/profile_banners\/2424158508\/1585512756","default_profile":true,"default_profile_image":false,"following":null,"follow_request_sent":null,"notifications":null},"geo":null,"coordinates":null,"place":null,"contributors":null,"is_quote_status":false,"extended_tweet":{"full_text":"@TeamTrump It\u2019s fantastic! We all feel the same way...we love &amp; respect @realDonaldTrump so much! We have been given a gift &amp; a blessing with the BEST @POTUS &amp; @FLOTUS ever !","display_text_range":[11,186],"entities":{"hashtags":[],"urls":[],"user_mentions":[{"screen_name":"TeamTrump","name":"Team Trump (Text TRUMP to 88022)","id":729676086632656900,"id_str":"729676086632656900","indices":[0,10]},{"screen_name":"realDonaldTrump","name":"Donald J. Trump","id":25073877,"id_str":"25073877","indices":[76,92]},{"screen_name":"POTUS","name":"President Trump","id":822215679726100480,"id_str":"822215679726100480","indices":[159,165]},{"screen_name":"FLOTUS","name":"Melania Trump","id":818876014390603776,"id_str":"818876014390603776","indices":[172,179]}],"symbols":[]}},"quote_count":1,"reply_count":0,"retweet_count":3,"favorite_count":8,"entities":{"hashtags":[],"urls":[{"url":"https:\/\/t.co\/U2jaaN0Wxw","expanded_url":"https:\/\/twitter.com\/i\/web\/status\/1235352279017877508","display_url":"twitter.com\/i\/web\/status\/1\u2026","indices":[121,144]}],"user_mentions":[{"screen_name":"TeamTrump","name":"Team Trump (Text TRUMP to 88022)","id":729676086632656900,"id_str":"729676086632656900","indices":[0,10]},{"screen_name":"realDonaldTrump","name":"Donald J. Trump","id":25073877,"id_str":"25073877","indices":[76,92]}],"symbols":[]},"favorited":false,"retweeted":false,"filter_level":"low","lang":"en"},"is_quote_status":false,"quote_count":0,"reply_count":0,"retweet_count":0,"favorite_count":0,"entities":{"hashtags":[],"urls":[],"user_mentions":[{"screen_name":"MACSwan238","name":"ForGodAndQountry45 \u2b50\ufe0f\u2b50\ufe0f\u2b50\ufe0f","id":2424158508,"id_str":"2424158508","indices":[3,14]},{"screen_name":"TeamTrump","name":"Team Trump (Text TRUMP to 88022)","id":729676086632656900,"id_str":"729676086632656900","indices":[16,26]},{"screen_name":"realDonaldTrump","name":"Donald J. Trump","id":25073877,"id_str":"25073877","indices":[92,108]}],"symbols":[]},"favorited":false,"retweeted":false,"filter_level":"low","lang":"en","timestamp_ms":"1587090050167"}