{"created_at":"Fri Apr 17 02:20:50 +0000 2020","id":1250972456061480960,"id_str":"1250972456061480960","text":"RT @jakecoco: God Bless America, and all of y'all. Thanks for the overwhelming outpouring of love and support today. Heres a little somethi\u2026","source":"\u003ca href=\"http:\/\/twitter.com\/download\/iphone\" rel=\"nofollow\"\u003eTwitter for iPhone\u003c\/a\u003e","truncated":false,"in_reply_to_status_id":null,"in_reply_to_status_id_str":null,"in_reply_to_user_id":null,"in_reply_to_user_id_str":null,"in_reply_to_screen_name":null,"user":{"id":957481211127123968,"id_str":"957481211127123968","name":"\ud83d\udc95 Millie James \ud83d\udc95","screen_name":"WaterBottle199","location":"South Carolina ","url":null,"description":"GOD FIRST\ud83d\ude4f I \ud83d\udc95Dogs\ud83d\udc36 \ud83d\udc15 TRUMP 2020\ud83c\uddfa\ud83c\uddf8 Network Administrator\u2728","translator_type":"none","protected":false,"verified":false,"followers_count":246,"friends_count":1175,"listed_count":0,"favourites_count":5175,"statuses_count":3581,"created_at":"Sun Jan 28 05:11:24 +0000 2018","utc_offset":null,"time_zone":null,"geo_enabled":false,"lang":null,"contributors_enabled":false,"is_translator":false,"profile_background_color":"000000","profile_background_image_url":"http:\/\/abs.twimg.com\/images\/themes\/theme1\/bg.png","profile_background_image_url_https":"https:\/\/abs.twimg.com\/images\/themes\/theme1\/bg.png","profile_background_tile":false,"profile_link_color":"1B95E0","profile_sidebar_border_color":"000000","profile_sidebar_fill_color":"000000","profile_text_color":"000000","profile_use_background_image":false,"profile_image_url":"http:\/\/pbs.twimg.com\/profile_images\/1247672256530132992\/W3LMt11B_normal.jpg","profile_image_url_https":"https:\/\/pbs.twimg.com\/profile_images\/1247672256530132992\/W3LMt11B_normal.jpg","profile_banner_url":"https:\/\/pbs.twimg.com\/profile_banners\/957481211127123968\/1583903304","default_profile":false,"default_profile_image":false,"following":null,"follow_request_sent":null,"notifications":null},"geo":null,"coordinates":null,"place":null,"contributors":null,"retweeted_status":{"created_at":"Fri Apr 17 00:24:38 +0000 2020","id":1250943214925873154,"id_str":"1250943214925873154","text":"God Bless America, and all of y'all. Thanks for the overwhelming outpouring of love and support today. Heres a litt\u2026 https:\/\/t.co\/KWJqtLKNP7","display_text_range":[0,140],"source":"\u003ca href=\"https:\/\/mobile.twitter.com\" rel=\"nofollow\"\u003eTwitter Web App\u003c\/a\u003e","truncated":true,"in_reply_to_status_id":null,"in_reply_to_status_id_str":null,"in_reply_to_user_id":null,"in_reply_to_user_id_str":null,"in_reply_to_screen_name":null,"user":{"id":30101738,"id_str":"30101738","name":"Jake Coco","screen_name":"jakecoco","location":"Earth ","url":"https:\/\/spoti.fi\/2XEWBvQ","description":"Keep.Your.Soul \ud83d\udc99\ud83c\udfb6\ud83c\uddfa\ud83c\uddf8 Proud creator of music, film, and the hashtag #diploinspace \ud83d\udc8d: @lilybcoco            Ohio born Nashville livin","translator_type":"none","protected":false,"verified":true,"followers_count":30253,"friends_count":1441,"listed_count":197,"favourites_count":3531,"statuses_count":12258,"created_at":"Thu Apr 09 23:54:29 +0000 2009","utc_offset":null,"time_zone":null,"geo_enabled":true,"lang":null,"contributors_enabled":false,"is_translator":false,"profile_background_color":"000000","profile_background_image_url":"http:\/\/abs.twimg.com\/images\/themes\/theme9\/bg.gif","profile_background_image_url_https":"https:\/\/abs.twimg.com\/images\/themes\/theme9\/bg.gif","profile_background_tile":false,"profile_link_color":"2FC2EF","profile_sidebar_border_color":"FFFFFF","profile_sidebar_fill_color":"252429","profile_text_color":"666666","profile_use_background_image":false,"profile_image_url":"http:\/\/pbs.twimg.com\/profile_images\/1211332710871912448\/Qql9h3Si_normal.jpg","profile_image_url_https":"https:\/\/pbs.twimg.com\/profile_images\/1211332710871912448\/Qql9h3Si_normal.jpg","profile_banner_url":"https:\/\/pbs.twimg.com\/profile_banners\/30101738\/1577730205","default_profile":false,"default_profile_image":false,"following":null,"follow_request_sent":null,"notifications":null},"geo":null,"coordinates":null,"place":null,"contributors":null,"is_quote_status":false,"extended_tweet":{"full_text":"God Bless America, and all of y'all. Thanks for the overwhelming outpouring of love and support today. Heres a little something I cooked up after todays #PressBriefing  It Ain't perfect, but neither is anything :) \ud83c\uddfa\ud83c\uddf8\ud83c\uddfa\ud83c\uddf8\ud83c\uddfa\ud83c\uddf8 #Trump2020Landslide #TrumpPressConf @realDonaldTrump https:\/\/t.co\/blF6gwc7VC","display_text_range":[0,273],"entities":{"hashtags":[{"text":"PressBriefing","indices":[153,167]},{"text":"Trump2020Landslide","indices":[221,240]},{"text":"TrumpPressConf","indices":[241,256]}],"urls":[],"user_mentions":[{"screen_name":"realDonaldTrump","name":"Donald J. Trump","id":25073877,"id_str":"25073877","indices":[257,273]}],"symbols":[],"media":[{"id":1250941754431373318,"id_str":"1250941754431373318","indices":[274,297],"additional_media_info":{"monetizable":false},"media_url":"http:\/\/pbs.twimg.com\/ext_tw_video_thumb\/1250941754431373318\/pu\/img\/rnfkSuXtGc5_ADE6.jpg","media_url_https":"https:\/\/pbs.twimg.com\/ext_tw_video_thumb\/1250941754431373318\/pu\/img\/rnfkSuXtGc5_ADE6.jpg","url":"https:\/\/t.co\/blF6gwc7VC","display_url":"pic.twitter.com\/blF6gwc7VC","expanded_url":"https:\/\/twitter.com\/jakecoco\/status\/1250943214925873154\/video\/1","type":"video","video_info":{"aspect_ratio":[16,9],"duration_millis":106206,"variants":[{"bitrate":2176000,"content_type":"video\/mp4","url":"https:\/\/video.twimg.com\/ext_tw_video\/1250941754431373318\/pu\/vid\/1280x720\/xd7bW38z74f2_BkR.mp4?tag=10"},{"bitrate":256000,"content_type":"video\/mp4","url":"https:\/\/video.twimg.com\/ext_tw_video\/1250941754431373318\/pu\/vid\/480x270\/ul3osGAaYj5H05bq.mp4?tag=10"},{"content_type":"application\/x-mpegURL","url":"https:\/\/video.twimg.com\/ext_tw_video\/1250941754431373318\/pu\/pl\/Oj5nHO03KQP3Aahc.m3u8?tag=10"},{"bitrate":832000,"content_type":"video\/mp4","url":"https:\/\/video.twimg.com\/ext_tw_video\/1250941754431373318\/pu\/vid\/640x360\/OJLtSSZ4W2rB_S8v.mp4?tag=10"}]},"sizes":{"thumb":{"w":150,"h":150,"resize":"crop"},"medium":{"w":1200,"h":675,"resize":"fit"},"small":{"w":680,"h":383,"resize":"fit"},"large":{"w":1280,"h":720,"resize":"fit"}}}]},"extended_entities":{"media":[{"id":1250941754431373318,"id_str":"1250941754431373318","indices":[274,297],"additional_media_info":{"monetizable":false},"media_url":"http:\/\/pbs.twimg.com\/ext_tw_video_thumb\/1250941754431373318\/pu\/img\/rnfkSuXtGc5_ADE6.jpg","media_url_https":"https:\/\/pbs.twimg.com\/ext_tw_video_thumb\/1250941754431373318\/pu\/img\/rnfkSuXtGc5_ADE6.jpg","url":"https:\/\/t.co\/blF6gwc7VC","display_url":"pic.twitter.com\/blF6gwc7VC","expanded_url":"https:\/\/twitter.com\/jakecoco\/status\/1250943214925873154\/video\/1","type":"video","video_info":{"aspect_ratio":[16,9],"duration_millis":106206,"variants":[{"bitrate":2176000,"content_type":"video\/mp4","url":"https:\/\/video.twimg.com\/ext_tw_video\/1250941754431373318\/pu\/vid\/1280x720\/xd7bW38z74f2_BkR.mp4?tag=10"},{"bitrate":256000,"content_type":"video\/mp4","url":"https:\/\/video.twimg.com\/ext_tw_video\/1250941754431373318\/pu\/vid\/480x270\/ul3osGAaYj5H05bq.mp4?tag=10"},{"content_type":"application\/x-mpegURL","url":"https:\/\/video.twimg.com\/ext_tw_video\/1250941754431373318\/pu\/pl\/Oj5nHO03KQP3Aahc.m3u8?tag=10"},{"bitrate":832000,"content_type":"video\/mp4","url":"https:\/\/video.twimg.com\/ext_tw_video\/1250941754431373318\/pu\/vid\/640x360\/OJLtSSZ4W2rB_S8v.mp4?tag=10"}]},"sizes":{"thumb":{"w":150,"h":150,"resize":"crop"},"medium":{"w":1200,"h":675,"resize":"fit"},"small":{"w":680,"h":383,"resize":"fit"},"large":{"w":1280,"h":720,"resize":"fit"}}}]}},"quote_count":24,"reply_count":82,"retweet_count":148,"favorite_count":563,"entities":{"hashtags":[],"urls":[{"url":"https:\/\/t.co\/KWJqtLKNP7","expanded_url":"https:\/\/twitter.com\/i\/web\/status\/1250943214925873154","display_url":"twitter.com\/i\/web\/status\/1\u2026","indices":[117,140]}],"user_mentions":[],"symbols":[]},"favorited":false,"retweeted":false,"possibly_sensitive":false,"filter_level":"low","lang":"en"},"is_quote_status":false,"quote_count":0,"reply_count":0,"retweet_count":0,"favorite_count":0,"entities":{"hashtags":[],"urls":[],"user_mentions":[{"screen_name":"jakecoco","name":"Jake Coco","id":30101738,"id_str":"30101738","indices":[3,12]}],"symbols":[]},"favorited":false,"retweeted":false,"filter_level":"low","lang":"en","timestamp_ms":"1587090050126"}