{"created_at":"Fri Apr 17 02:20:50 +0000 2020","id":1250972455763656704,"id_str":"1250972455763656704","text":"@briankoppelman @stephenkunken @Showtime @SHO_Billions @LaMarzoccoHome WOW. When I found out about Stephen's love f\u2026 https:\/\/t.co\/ckab1tDMCn","display_text_range":[71,140],"source":"\u003ca href=\"https:\/\/mobile.twitter.com\" rel=\"nofollow\"\u003eTwitter Web App\u003c\/a\u003e","truncated":true,"in_reply_to_status_id":1250941236783067138,"in_reply_to_status_id_str":"1250941236783067138","in_reply_to_user_id":16737406,"in_reply_to_user_id_str":"16737406","in_reply_to_screen_name":"briankoppelman","user":{"id":2523615852,"id_str":"2523615852","name":"Fan Fun Damian Lewis","screen_name":"FanFunDamian","location":"New York, NY","url":"https:\/\/www.fanfunwithdamianlewis.com","description":"We run Damian Lewis fan blog https:\/\/t.co\/wcJSQRTiN2 and fan site https:\/\/t.co\/euRCCYtdcx Look what @lewis_damian says about us\ud83d\udc47 https:\/\/t.co\/aZsDjkvdvW","translator_type":"none","protected":false,"verified":false,"followers_count":6417,"friends_count":5432,"listed_count":87,"favourites_count":54813,"statuses_count":59602,"created_at":"Sun May 25 22:58:12 +0000 2014","utc_offset":null,"time_zone":null,"geo_enabled":true,"lang":null,"contributors_enabled":false,"is_translator":false,"profile_background_color":"000000","profile_background_image_url":"http:\/\/abs.twimg.com\/images\/themes\/theme1\/bg.png","profile_background_image_url_https":"https:\/\/abs.twimg.com\/images\/themes\/theme1\/bg.png","profile_background_tile":false,"profile_link_color":"8F00B3","profile_sidebar_border_color":"000000","profile_sidebar_fill_color":"000000","profile_text_color":"000000","profile_use_background_image":false,"profile_image_url":"http:\/\/pbs.twimg.com\/profile_images\/494136798843387905\/pOV8nnM3_normal.jpeg","profile_image_url_https":"https:\/\/pbs.twimg.com\/profile_images\/494136798843387905\/pOV8nnM3_normal.jpeg","profile_banner_url":"https:\/\/pbs.twimg.com\/profile_banners\/2523615852\/1586452306","default_profile":false,"default_profile_image":false,"following":null,"follow_request_sent":null,"notifications":null},"geo":null,"coordinates":null,"place":null,"contributors":null,"is_quote_status":false,"extended_tweet":{"full_text":"@briankoppelman @stephenkunken @Showtime @SHO_Billions @LaMarzoccoHome WOW. When I found out about Stephen's love for coffee, my hunch was Brian and David knew about it and it was some kind of an inside joke to integrate it into the story. But this is way better. I am so glad I asked this question! \u2615\ufe0f","display_text_range":[71,302],"entities":{"hashtags":[],"urls":[],"user_mentions":[{"screen_name":"briankoppelman","name":"Brian Koppelman","id":16737406,"id_str":"16737406","indices":[0,15]},{"screen_name":"stephenkunken","name":"Stephen Kunken","id":145845367,"id_str":"145845367","indices":[16,30]},{"screen_name":"Showtime","name":"Showtime","id":257548783,"id_str":"257548783","indices":[31,40]},{"screen_name":"SHO_Billions","name":"Billions on Showtime","id":2412917082,"id_str":"2412917082","indices":[41,54]},{"screen_name":"LaMarzoccoHome","name":"La Marzocco Home","id":1601311688,"id_str":"1601311688","indices":[55,70]}],"symbols":[]}},"quote_count":0,"reply_count":0,"retweet_count":0,"favorite_count":0,"entities":{"hashtags":[],"urls":[{"url":"https:\/\/t.co\/ckab1tDMCn","expanded_url":"https:\/\/twitter.com\/i\/web\/status\/1250972455763656704","display_url":"twitter.com\/i\/web\/status\/1\u2026","indices":[117,140]}],"user_mentions":[{"screen_name":"briankoppelman","name":"Brian Koppelman","id":16737406,"id_str":"16737406","indices":[0,15]},{"screen_name":"stephenkunken","name":"Stephen Kunken","id":145845367,"id_str":"145845367","indices":[16,30]},{"screen_name":"Showtime","name":"Showtime","id":257548783,"id_str":"257548783","indices":[31,40]},{"screen_name":"SHO_Billions","name":"Billions on Showtime","id":2412917082,"id_str":"2412917082","indices":[41,54]},{"screen_name":"LaMarzoccoHome","name":"La Marzocco Home","id":1601311688,"id_str":"1601311688","indices":[55,70]}],"symbols":[]},"favorited":false,"retweeted":false,"filter_level":"low","lang":"en","timestamp_ms":"1587090050055"}