{"created_at":"Fri Apr 17 02:20:50 +0000 2020","id":1250972456124329984,"id_str":"1250972456124329984","text":"pen and started writing \n\n\"Hey love\nI know I just got you back and I'm so grateful for that but i have to leave for\u2026 https:\/\/t.co\/46Iih07w4A","source":"\u003ca href=\"http:\/\/twitter.com\/download\/android\" rel=\"nofollow\"\u003eTwitter for Android\u003c\/a\u003e","truncated":true,"in_reply_to_status_id":1250972452651511808,"in_reply_to_status_id_str":"1250972452651511808","in_reply_to_user_id":1223601265986416641,"in_reply_to_user_id_str":"1223601265986416641","in_reply_to_screen_name":"Rose___King","user":{"id":1223601265986416641,"id_str":"1223601265986416641","name":"Rose King","screen_name":"Rose___King","location":null,"url":null,"description":"Twin of @Daniel___King. Witch. \u007bOC\u007d \u007bRP account\u007d","translator_type":"none","protected":false,"verified":false,"followers_count":81,"friends_count":110,"listed_count":0,"favourites_count":2805,"statuses_count":2921,"created_at":"Sat Feb 01 13:37:40 +0000 2020","utc_offset":null,"time_zone":null,"geo_enabled":false,"lang":null,"contributors_enabled":false,"is_translator":false,"profile_background_color":"F5F8FA","profile_background_image_url":"","profile_background_image_url_https":"","profile_background_tile":false,"profile_link_color":"1DA1F2","profile_sidebar_border_color":"C0DEED","profile_sidebar_fill_color":"DDEEF6","profile_text_color":"333333","profile_use_background_image":true,"profile_image_url":"http:\/\/pbs.twimg.com\/profile_images\/1223601973552992256\/AmDwjABL_normal.jpg","profile_image_url_https":"https:\/\/pbs.twimg.com\/profile_images\/1223601973552992256\/AmDwjABL_normal.jpg","profile_banner_url":"https:\/\/pbs.twimg.com\/profile_banners\/1223601265986416641\/1580564704","default_profile":true,"default_profile_image":false,"following":null,"follow_request_sent":null,"notifications":null},"geo":null,"coordinates":null,"place":null,"contributors":null,"is_quote_status":false,"extended_tweet":{"full_text":"pen and started writing \n\n\"Hey love\nI know I just got you back and I'm so grateful for that but i have to leave for a while. I cant really explain it but ones thing for sure: I cant stay here. I'm either constantly hurting or constantly numb and that's not fair on you. I dont","display_text_range":[0,276],"entities":{"hashtags":[],"urls":[],"user_mentions":[],"symbols":[]}},"quote_count":0,"reply_count":0,"retweet_count":0,"favorite_count":0,"entities":{"hashtags":[],"urls":[{"url":"https:\/\/t.co\/46Iih07w4A","expanded_url":"https:\/\/twitter.com\/i\/web\/status\/1250972456124329984","display_url":"twitter.com\/i\/web\/status\/1\u2026","indices":[117,140]}],"user_mentions":[],"symbols":[]},"favorited":false,"retweeted":false,"filter_level":"low","lang":"en","timestamp_ms":"1587090050141"}